feature,coef
temperature,-0.7057621067365578
hour_sin,1.7848084768133283
hour_cos,-7.394043116019007
month_sin,-1.2035635494349004
month_cos,-8.613148108827048
dow_sin,-2.7614109154176814
dow_cos,3.872560654373803
is_weekend,-14.002749247508998
is_peak,4.0216357097123545
lag_1h,11.91802381140688
lag_24h,6.8287856284842565
lag_168h,13.707962028250211
rolling_mean_24h,1.9468507426746466
